{
  "hash": "9db0e0a9",
  "configHash": "9111e1da",
  "lockfileHash": "9be32d76",
  "browserHash": "bd955739",
  "optimized": {
    "@angular/common": {
      "src": "../../../../../../node_modules/@angular/common/fesm2022/common.mjs",
      "file": "@angular_common.js",
      "fileHash": "5f8c88fa",
      "needsInterop": false
    },
    "@angular/common/http": {
      "src": "../../../../../../node_modules/@angular/common/fesm2022/http.mjs",
      "file": "@angular_common_http.js",
      "fileHash": "c89203b4",
      "needsInterop": false
    },
    "@angular/core": {
      "src": "../../../../../../node_modules/@angular/core/fesm2022/core.mjs",
      "file": "@angular_core.js",
      "fileHash": "a232aa7b",
      "needsInterop": false
    },
    "@angular/forms": {
      "src": "../../../../../../node_modules/@angular/forms/fesm2022/forms.mjs",
      "file": "@angular_forms.js",
      "fileHash": "e56eb36b",
      "needsInterop": false
    },
    "@angular/platform-browser": {
      "src": "../../../../../../node_modules/@angular/platform-browser/fesm2022/platform-browser.mjs",
      "file": "@angular_platform-browser.js",
      "fileHash": "d3c1fe6a",
      "needsInterop": false
    },
    "@angular/platform-browser/animations": {
      "src": "../../../../../../node_modules/@angular/platform-browser/fesm2022/animations.mjs",
      "file": "@angular_platform-browser_animations.js",
      "fileHash": "49f492a0",
      "needsInterop": false
    },
    "@angular/router": {
      "src": "../../../../../../node_modules/@angular/router/fesm2022/router.mjs",
      "file": "@angular_router.js",
      "fileHash": "9df4c49e",
      "needsInterop": false
    }
  },
  "chunks": {
    "chunk-HVOX7SHY": {
      "file": "chunk-HVOX7SHY.js"
    },
    "chunk-74VA5E62": {
      "file": "chunk-74VA5E62.js"
    },
    "chunk-2WDSK4Z4": {
      "file": "chunk-2WDSK4Z4.js"
    },
    "chunk-PR7BJRWE": {
      "file": "chunk-PR7BJRWE.js"
    }
  }
}